<?xml version="1.0" encoding="UTF-8"?>
<beans xmlns="http://www.springframework.org/schema/beans"
	xmlns:xsi="http://www.w3.org/2001/XMLSchema-instance"
	xmlns:context="http://www.springframework.org/schema/context"
	xsi:schemaLocation="http://www.springframework.org/schema/beans
    http://www.springframework.org/schema/beans/spring-beans-3.0.xsd
    http://www.springframework.org/schema/context
    http://www.springframework.org/schema/context/spring-context-3.0.xsd">
	
	<bean id="empl1" class="com.cognizant.springlearn.Employee">
		<property name="id" value="001"/>
		<property name="name" value="Jaswanth"/>
		<property name="salary" value="20000.0"/>
		<property name="permanent" value="false"/>
		<property name="department" ref="dept1"/>
		<property name="skill" ref="skill1"/>
	</bean>
	<bean id="empl2" class="com.cognizant.springlearn.Employee">
		<property name="id" value="002"/>
		<property name="name" value="Sai"/>
		<property name="salary" value="21000.0"/>
		<property name="permanent" value="false"/>
		<property name="department" ref="dept2"/>
		<property name="skill" ref="skill2"/>
	</bean>
	<bean id="empl3" class="com.cognizant.springlearn.Employee">
		<property name="id" value="003"/>
		<property name="name" value="John"/>
		<property name="salary" value="19000.0"/>
		<property name="permanent" value="true"/>
		<property name="department" ref="dept2"/>
		<property name="skill" ref="skill1"/>
	</bean>
	<bean id="empl4" class="com.cognizant.springlearn.Employee">
		<property name="id" value="004"/>
		<property name="name" value="Vijay"/>
		<property name="salary" value="22000.0"/>
		<property name="permanent" value="false"/>
		<property name="department" ref="dept1"/>
		<property name="skill" ref="skill1"/>
	</bean>
	<bean id="dept1" class="com.cognizant.springlearn.Department">
		<property name="id" value="001"/>
		<property name="name" value="ADM"/>
	
	</bean>
		<bean id="dept2" class="com.cognizant.springlearn.Department">
		<property name="id" value="002"/>
		<property name="name" value="CIS"/>
	
	</bean>
		<bean id="skill1" class="com.cognizant.springlearn.Skill">
		<property name="id" value="001"/>
		<property name="name" value="Java"/>
	
	</bean>
		<bean id="skill2" class="com.cognizant.springlearn.Skill">
		<property name="id" value="002"/>
		<property name="name" value="SQL"/>
	
	</bean>
	<bean id="employeeList" class="java.util.ArrayList">

		<constructor-arg>

			<list>

				<ref bean="empl1"></ref>

				<ref bean="empl2"></ref>

				<ref bean="empl3"></ref>

				<ref bean="empl4"></ref>

			</list>

		</constructor-arg>

	</bean>
	<bean id="departmentList" class="java.util.ArrayList">

		<constructor-arg>

			<list>

				<ref bean="dept1"></ref>

				<ref bean="dept2"></ref>

			</list>

		</constructor-arg>

	</bean>

</beans>